"Catalogues Name ","Catalogues Links","Category","Brands"
"Alimo ","https://drive.google.com/file/d/1ozRRnwuCTJ5ddjLPbdBdg9MZAsWO-DwL/preview","Solid Colour Laminates","Alimo "
"Pentone ","https://drive.google.com/file/d/1_H6bA2akEKKPFwT96qvUgS0J2UTWbRzo/preview","Solid Colour Laminates","Pentone "
"Color Vista","https://drive.google.com/file/d/1kc5Bpppk4QJLUSy1U_W2jO-1etyyXr09/preview","Solid Colour Laminates","Color Vista"
"Elegora","https://drive.google.com/file/d/1IKbTPUZ7t44Zz36HuncLQyMHp8QQglZF/preview","Solid Colour Laminates","Elegora"
"Colour Shine ","https://drive.google.com/file/d/1vjx5oeM0vihFMay64Fl78VYZLHNF-VoB/view?usp=sharing","Decorative Laminates","Shine Mica"
"Subtle Finetouch","https://drive.google.com/file/d/1Ix4y67oUao1lNv6oBOAgMWkpNMgLxJsm/view?usp=sharing","Solid Colour Laminates","Finetouch Subtle"
"Overlay","https://drive.google.com/file/d/1a3QBH1Fj5rHDP-uEHzwUbrGJRZuzx_g9/view?usp=sharing","Solid Colour Laminates","Overlay"
"Mama ","https://drive.google.com/file/d/1R85Y_2KPudMwpHwJYDHDeQ2Hd2pmoxVL/preview","Solid Colour Laminates","Mama "
"Creative Colour ","https://drive.google.com/file/d/1sW-MHG9ATVApuwIqv1iOPVjmi8z0BLAC/vpreview","Solid Colour Laminates","Creative Colour "
"Elegora","https://drive.google.com/file/d/1IKbTPUZ7t44Zz36HuncLQyMHp8QQglZF/preview","Solid Colour Laminates","Elegora"
"Artistico","https://drive.google.com/file/d/1MYxSbC5uysOOxLhPF2RmaKvTb0MhDa1R/view?usp=sharing","Solid Colour Laminates","Artistico"