Catalogues Name,Catalouge links,Category,Brands
Livsmart Ebco,https://drive.google.com/file/d/1dKCi2t3Ie50f71eDmw-4d0Dh9unj9BQz/view?usp=sharing,Hardware,Ebco
NEXITO DRC,https://drive.google.com/file/d/1jLMvTxBqscjhwkQQcwzUIrP4r5Uqz9a8/view?usp=sharing,Hardware,DRC
Conceal Profile Knob Brochure_searchable[2],https://drive.google.com/file/d/1vC83qB7vY7qpGFc3lDmXGJn3lNIyk39V/view?usp=sharing,Hardware,Plum
Aaryan Mortise & MD Brochure_searchable[1],https://drive.google.com/file/d/1u7Z8W_HIQwg4W64F-IRzcwoKO_U8gSFg/view?usp=sharing,Hardware,Plum
Aaryan Kids Brochure_searchable[1],https://drive.google.com/file/d/1x9PtKoI4ZnFXOyTIk7C_hYXAj8hRHMNl/view?usp=sharing,Hardware,Plum
DRC Catalogue,https://drive.google.com/file/d/1x9PtKoI4ZnFXOyTIk7C_hYXAj8hRHMNl/view?usp=sharing,Hardware,DRC
"EBCO MRP April 24, 2023",https://drive.google.com/file/d/1X067PSEkrvjC7vy4PhaoE85FYVC9yj8f/view?usp=sharing,Hardware,EBCO
Hettich FF & AH Retail Price List Feb 2025-1 (1),https://drive.google.com/file/d/130dq2vko9cyXR-fzpG7uFSejHVhM7J1A/view?usp=sharing,Hardware,Hettich
WORKSMART ,https://drive.google.com/file/d/1-7try1woDOqBi6XVfBjAkZIRuWjxDCFV/view?usp=sharing,Hardware,Ebco
Hablo,https://drive.google.com/file/d/1_kxZ803Q-T2sJI1bv2xPfbLDF0sHAwRp/view?usp=sharing,Hardware,Hablo