"Catalogues Name","Catalouge links","Category","Brand"
"Euro Pathik Weavers-Brochure","https://drive.google.com/file/d/1rJlMUh8YfFmKF_CTZUBuuSF8_ZGaCDZn/view?usp=sharing","Wall Panels","Euro Pathik "
"Euro Pathik Stonedge_Brochure","https://drive.google.com/file/d/1SmsDW4JFFKq5_74JTEv13_7qgG6sUKz1/view?usp=sharing","Wall Panels","Euro Pathik "
"Euro Pathik Stellar-Flute-Brochure","https://drive.google.com/file/d/1GuOpGKMfeN0Xnc-jJnBkJzOA_dBiLEA8/view?usp=sharing","Wall Panels","Euro Pathik "
"Euro Pathik Rocklite_Brochure","https://drive.google.com/file/d/1n6ngb1jOvpRox-3cPqjj0j9CuQslUWO4/view?usp=sharing","Wall Panels","Euro Pathik "
"Euro Pathik QUBE-catalogue","https://drive.google.com/file/d/1cvuLzAnNnUAkte-z9pjKWQbzXtWGa2AU/view?usp=sharing","Wall Panels","Euro Pathik "
"Euro Pathik MIGA-EDGE-Catalgoue","https://drive.google.com/file/d/13DX0s20760zRtZra3JyA81LB8ihW3Qfo/view?usp=sharing","Wall Panels","Euro Pathik "
"Euro Pathik Maze-Brochure","https://drive.google.com/file/d/1hGsUNCxjp2a-H8ogxFj3pOrbIu4xt3kI/view?usp=sharing","Wall Panels","Euro Pathik "
"Euro Pathik Marbelo-Brochure","https://drive.google.com/file/d/1thdCtEoK3LIduF2uCD9uTBJNljvJ3KMG/view?usp=sharing","Wall Panels","Euro Pathik "
"Euro Pathik Lucento_Slim_Combine_Brochure","https://drive.google.com/file/d/1BvJCWOltYicwLKCV1nUbLI48INeSIces/view?usp=sharing","Wall Panels","Euro Pathik "
"Euro Pathik LUCENTO_CATALOG","https://drive.google.com/file/d/1qv93B-hxU2edmCDxxzrWmby9_C9uuRcf/view?usp=sharing","Wall Panels","Euro Pathik "
"Euro Pathik Granorte-2021-cat_dVwutne","https://drive.google.com/file/d/11hRL_tqHzD8b5_jtz7YG5vjlMqgN48i5/view?usp=sharing","Wall Panels","Euro Pathik "
"Euro Pathik glitz_brochure","https://drive.google.com/file/d/1_FAB6Cpr4jYzU19h9a5X0vo5J4pl4ZpS/view?usp=sharing","Wall Panels","Euro Pathik "
"Euro Pathik Flexo","https://drive.google.com/file/d/1gSKv4vle3DgO1NwWPEgj89gqP3WpqoJh/view?usp=sharing","Wall Panels","Euro Pathik "
"Element Decor zen-panel","https://drive.google.com/file/d/1kGNv1Elxg9HtyMAFkgmUor4TxRzEOTso/view?usp=sharing","Wall Panels","Element Decor"
"Element Decor WOOD-KRAFT","https://drive.google.com/file/d/1pIeHogAPtZCtpxqw-lJG070lZCt9Wpsc/view?usp=sharing","Wall Panels","Element Decor"
"Element Decor SPC-FLOORING-1","https://drive.google.com/file/d/1iEbKWk2FGJe2BwMGEC58aUHtC-FYXjth/view?usp=sharing","Wall Panels","Element Decor"
"Element Decor Smart-Edge-Panel-min","https://drive.google.com/file/d/1E5DYfvmw_7z1ibD04IF93W4QJe5ZfrDk/view?usp=sharing","Wall Panels","Element Decor"
"Element Decor Smart-Edge-Panel-min (1)","https://drive.google.com/file/d/1Cv-jCGZhnrOdFHwGor_jtlG7wsayEI3w/view?usp=sharing","Wall Panels","Element Decor"
" Element Decor RaftersVol4","https://drive.google.com/file/d/1IbRuZ2ni_5Rc__zDdx2yHHKMPaoX0q4K/view?usp=sharing","Wall Panels","Element Decor"
"Element Decor RAFTERS-VOLUME-3","https://drive.google.com/file/d/1uY50O5rNla82Ik6gsLtWnl7Ml7322zHe/view?usp=sharing","Wall Panels","Element Decor"
"Element Decor Pinette","https://drive.google.com/file/d/1dvRi0mU-VT5slrXYnBbFTQ4tPfFHO9MG/view?usp=sharing","Wall Panels","Element Decor"
"Element Decor novapanels","https://drive.google.com/file/d/1aCh5tCTUEBiqbH3THHm5hPkHA6zFjckM/view?usp=sharing","Wall Panels","Element Decor"
"Element Decor MATT-LAMINATE-FLOORING","https://drive.google.com/file/d/1UID5saW84DxyFOkJ4F2MtTNcm1aC9hFA/view?usp=sharing","Wall Panels","Element Decor"
"Element Decor Master-Rafter-Catalogue_compressed-1","https://drive.google.com/file/d/16M6D1yyyfJyVaVmUkng8_Vyjk-WC587j/view?usp=sharing","Wall Panels","Element Decor"
"Element Decor Master-Charcoal-Catalogue","https://drive.google.com/file/d/1EZzyZpFQ2HWQ8J8Ykyg6KX3xQKkD9f_N/view?usp=sharing","Wall Panels","Element Decor"
"Element Decor LUSSO-Volume-4","https://drive.google.com/file/d/1WiHnBrsBPVQEsgFkhw6TPDEjOglyuQEq/view?usp=sharing","Wall Panels","Element Decor"
"Element Decor LAMINATE-FLOORING-New","https://drive.google.com/file/d/1TpURX1szt5cYExQPeIwnZWb0p6CmRfmI/view?usp=sharing","Wall Panels","Element Decor"
"Element Decor Inspire-Catalogue","https://drive.google.com/file/d/1MzNwlhdCJp4y4UHGJfejCzBkgT7sSry0/view?usp=sharing","Wall Panels","Element Decor"
"Element Decor  INSIGNIA-V2-min","https://drive.google.com/file/d/1AYAl_oDrqCYvutrPz8RkaSiyQbTwQqIC/view?usp=sharing","Wall Panels","Element Decor"
"Element Decor Imperia-Catalouge-Final-1","https://drive.google.com/file/d/1cnPOWqkKiJrbXJDTzXN3kL2T5RIdS2Fl/view?usp=sharing","Wall Panels","Element Decor"
"Element Decor HYBRID-FLOORING-1","https://drive.google.com/file/d/1_JtcTkh8lZN3i2qbM4UE-vH_uLqRZyzP/view?usp=sharing","Wall Panels","Element Decor"
"Element Decor  Elements-Charcoal-Vol-2","https://drive.google.com/file/d/1Ft3gZC4M79q10VWUAFS4g5m_E2hIsiQ9/view?usp=sharing","Wall Panels","Element Decor"
"Element Decor Elements-Charcoal-Vol-1","https://drive.google.com/file/d/1nXeI0jmrVjuHT3f8s_BFtR2g_Ugb8tpw/view?usp=sharing","Wall Panels","Element Decor"
"Element Decor DIVA-MOSAIC-VOL-2-min","https://drive.google.com/file/d/1P8QYBMa2HfCvHwdu0c48rGvhTYG-UOab/view?usp=sharing","Wall Panels","Element Decor"
"Element Decor DIVA-MOSAIC-VOL-2_compressed","https://drive.google.com/file/d/1fIsKEMgE4eMzcF5xHuvVzON0Qm2NavPB/view?usp=sharing","Wall Panels","Element Decor"
"Element Decor DIVA-LUXURIOUS-MOSAIC_compressed","https://drive.google.com/file/d/1dld_I2oCm7SmjH8d-XUpLC_u_VLRaTwn/view?usp=sharing","Wall Panels","Element Decor"
" DELIZIA -DELIZIA INTERIOR 3D WALL PANEL[1]","https://drive.google.com/file/d/1_0hJWT76-sT4VxrALpbeF5z13CPpUaU7/view?usp=sharing","Wall Panels","Delizia"
"SHANNON BY DELIZIA INTERIOR[1]","https://drive.google.com/file/d/1EC_xRJSduNABoZqaWO301kAjWvL91oY2/view?usp=sharing","Wall Panels","Sterlina"
"Rang Groove Forest","https://drive.google.com/file/d/11tFth7DyB8yztP2EzuiVGGTbx9FzrcJS/view?usp=sharing","Wall Panels","Rang"
"Rang Canis MDF ","https://drive.google.com/file/d/1nriy_JRbbtoSnkKLOJ70xNkthPgDRTew/view?usp=sharing","Wall Panels","Rang"